{"cameraMode":{"drawMode":0,"name":"Shaded","section":"Shading Mode"},"sceneLighting":true,"audioPlay":false,"sceneViewState":{"showFog":true,"showMaterialUpdate":false,"showSkybox":true,"showFlares":true,"showImageEffects":true,"showParticleSystems":true},"in2DMode":false,"pivot":{"x":0.3016221225261688,"y":-5.159768104553223,"z":5.191422939300537},"rotation":{"x":0.36423805356025698,"y":0.019555002450942994,"z":-0.00764975231140852,"w":0.9310771226882935},"size":15.520265579223633,"orthographic":false}